{"damageToType":[[198.73256,15.693223,7.7466908,0.0,58.33334,6.0000005],[14.740728,39.553528,5.18249,35.066658,17.5,14.0],[36.859844,35.953228,19.237486,0.0,14.166667,4.0],[1.6666667,20.8,1.8333334,20.933334,0.0,0.0]],"effectiveDPF":[[0.048554253,0.050460525,0.03603112,0.0,0.3451677,0.3],[0.0705298,0.13184509,0.029614229,0.25410622,1.4583334,0.4827586],[0.017875774,0.06560808,0.035890833,0.0,0.22486773,0.2],[0.083333336,0.22608694,0.022357725,0.2325926,0.0,0.0]],"targetSelection":{"HEAVY":24,"RANGED":81,"LIGHT":80,"WORKER":292,"BARRACKS":12,"BASE":28},"timeAttackingType":[[4093.0,311.0,215.0,0.0,169.0,20.0],[209.0,300.0,175.0,138.0,12.0,29.0],[2062.0,548.0,536.0,0.0,63.0,20.0],[20.0,92.0,82.0,90.0,0.0,0.0]]}